"","exp.rf.pred."
"1",128366.183844427
"2",151705.506397186
"3",180291.489297175
"4",185234.611474559
"5",189960.923259092
"6",187510.648529407
"7",179926.449795129
"8",172315.882551874
"9",190217.354304415
"10",121867.52942124
"11",209610.878946945
"12",97038.8561655543
"13",98194.3497673683
"14",149250.929016284
"15",119001.281318865
"16",348524.32847138
"17",250662.794939339
"18",296008.304079086
"19",257018.869141986
"20",429341.386927252
"21",296897.614969904
"22",207386.192453525
"23",175518.262371713
"24",170428.948012903
"25",182626.121818098
"26",201644.887104742
"27",275292.181199855
"28",230313.240688354
"29",201669.244528626
"30",197933.026744641
"31",187865.659287184
"32",103373.542272839
"33",196110.958671924
"34",283260.285775342
"35",302969.176804007
"36",225187.212985924
"37",173748.650520256
"38",154666.549661067
"39",155499.815672507
"40",158981.571440628
"41",169691.856812284
"42",157521.458577226
"43",291368.329192526
"44",234704.089648657
"45",210572.778099608
"46",168930.084473892
"47",241294.90695853
"48",177132.144437546
"49",157267.418904385
"50",144951.026534307
"51",142174.167856186
"52",153428.383940548
"53",144862.752790433
"54",154222.338017225
"55",185062.180819232
"56",154790.01598543
"57",151517.485029357
"58",127443.641565315
"59",229865.315882494
"60",134496.631522827
"61",138631.164020607
"62",165053.31228609
"63",108368.880364732
"64",118677.992651978
"65",128836.925315022
"66",130528.651218655
"67",107950.369035684
"68",129040.405224059
"69",139546.784254054
"70",171812.73764395
"71",120975.829130061
"72",102820.375336802
"73",137550.932084777
"74",121682.949901316
"75",143049.602089064
"76",120639.966033252
"77",101335.43017703
"78",152124.017397607
"79",194922.052265793
"80",110911.426138429
"81",139192.938452882
"82",132333.048626539
"83",180736.51227914
"84",90627.6416481684
"85",102754.583885179
"86",137260.332040498
"87",137508.302685863
"88",123715.996334861
"89",119097.171054343
"90",138597.765417604
"91",120309.421960786
"92",137834.592038208
"93",133357.810387826
"94",108604.989546118
"95",161253.106065026
"96",95029.5259335267
"97",105831.558057102
"98",98450.836281921
"99",95167.0262873519
"100",141061.559010835
"101",128948.326652174
"102",125965.402834308
"103",123633.132162862
"104",152479.985915654
"105",153190.123969713
"106",242164.669556857
"107",88431.4154233756
"108",206389.869552395
"109",132502.381982766
"110",148038.93861608
"111",126215.207871708
"112",141630.168314402
"113",245835.159563695
"114",122359.518978524
"115",219204.950473984
"116",231599.020634932
"117",202965.34220748
"118",139521.347074128
"119",146859.727735229
"120",196554.32552543
"121",140387.678836272
"122",130555.873590613
"123",345470.808296551
"124",245410.82321078
"125",140396.186218656
"126",81466.0467486278
"127",115381.453962868
"128",144194.942460633
"129",100703.979612289
"130",133015.846284271
"131",101587.805710683
"132",128252.214065474
"133",120476.632592806
"134",120615.861294393
"135",108823.310753127
"136",194906.554307498
"137",165704.148228171
"138",195274.371325164
"139",189248.405004804
"140",191044.576169994
"141",69370.3161833975
"142",112342.638455077
"143",104436.972487247
"144",267251.631020126
"145",270559.518843568
"146",170861.734798929
"147",157890.675430903
"148",226233.932265748
"149",198398.613876513
"150",163954.602226305
"151",153785.979301004
"152",172338.325061856
"153",183552.782246251
"154",120896.994756935
"155",85780.2093703092
"156",78997.1204975867
"157",90796.4568690715
"158",126889.615140013
"159",137315.992164363
"160",175801.082892646
"161",142166.19830225
"162",139133.599026319
"163",294060.305524353
"164",203079.934207581
"165",128191.415711081
"166",175655.265038255
"167",189887.130940644
"168",278000.321289354
"169",181380.540974261
"170",300487.397342464
"171",212896.974155674
"172",233790.53678385
"173",177800.164163081
"174",180023.191195225
"175",183611.943550617
"176",169411.462906607
"177",173927.78001859
"178",201096.534098414
"179",183769.193117149
"180",248344.269142903
"181",185120.978849288
"182",218385.789658979
"183",218415.093064875
"184",225587.524307391
"185",186408.609902144
"186",165043.584727473
"187",163146.811141081
"188",128688.971950856
"189",137639.021542157
"190",123795.036354573
"191",124004.951786275
"192",94035.1670171737
"193",97635.3395571473
"194",154249.584788545
"195",152912.841169214
"196",147622.481751588
"197",154073.9896253
"198",146188.381987358
"199",128565.346219423
"200",155737.467748015
"201",425980.767081437
"202",349238.090520097
"203",363188.890483681
"204",383667.954007819
"205",315693.861856955
"206",334891.906726879
"207",337490.996285618
"208",329094.151224826
"209",296981.394902726
"210",347333.444249283
"211",258508.512239121
"212",420795.554148247
"213",309647.986673441
"214",252343.842872945
"215",189289.031945856
"216",189841.998678001
"217",214427.772127078
"218",416399.25129889
"219",367144.80159763
"220",292854.333777776
"221",239591.307521773
"222",313892.896326777
"223",187016.182704884
"224",172975.042726645
"225",172418.931174234
"226",169357.692425728
"227",172375.457125517
"228",187738.541392229
"229",190917.461962151
"230",184930.781033915
"231",180508.281967859
"232",262133.04913862
"233",173942.799997226
"234",184991.638012766
"235",172937.713479644
"236",283965.205920132
"237",175897.601669174
"238",341822.058801648
"239",298996.717594629
"240",236622.348297896
"241",252641.852873684
"242",255373.901015241
"243",261256.760472788
"244",303578.520636139
"245",226690.197990826
"246",391363.568224813
"247",212590.01588624
"248",210226.645336027
"249",300384.449557345
"250",220783.766142378
"251",274257.2619477
"252",251227.338889604
"253",282343.625436846
"254",212999.362354342
"255",201888.201757267
"256",178899.919519141
"257",173413.61454372
"258",122505.718289141
"259",203326.000895141
"260",247849.220429676
"261",179991.732384063
"262",119255.293816866
"263",170371.134662856
"264",209164.992685892
"265",229623.031691268
"266",186295.374509311
"267",169743.730095535
"268",184907.193714949
"269",168049.355094573
"270",166332.927782248
"271",124186.632671983
"272",132362.016985411
"273",120807.037702336
"274",130130.941583636
"275",133001.395588149
"276",119880.853663072
"277",306101.7089315
"278",207783.688787233
"279",264913.440585883
"280",199662.447262014
"281",176970.655047734
"282",168203.444799266
"283",174901.613009176
"284",280810.205244795
"285",188719.771139908
"286",198887.548378971
"287",210900.29266992
"288",209617.611818937
"289",162257.272593912
"290",140580.659452849
"291",218927.765428511
"292",124664.613854461
"293",142399.918412359
"294",190138.437560871
"295",168734.485253537
"296",126473.682280717
"297",120901.677628637
"298",147891.800405099
"299",174388.764438806
"300",158960.120384563
"301",158263.805959954
"302",171499.420244294
"303",167101.775605752
"304",117270.383510767
"305",155237.866917432
"306",171455.997751994
"307",211177.989089339
"308",137448.251598465
"309",173116.429910939
"310",146181.378247959
"311",133284.966194312
"312",135617.50309616
"313",137041.389746739
"314",127592.360118574
"315",132527.289367558
"316",120837.946682374
"317",112580.490700109
"318",125907.465678031
"319",122341.649396892
"320",179781.322856321
"321",127564.339174635
"322",93623.9605819661
"323",143810.334842204
"324",97781.3836574787
"325",113571.890221662
"326",137900.814500995
"327",162284.373635194
"328",58737.9117595332
"329",104180.372069009
"330",84710.0284603771
"331",165742.819452968
"332",149793.884390636
"333",148041.188400931
"334",144331.394098356
"335",138472.403261302
"336",127990.682644855
"337",123004.442728396
"338",120712.649495781
"339",110701.435703901
"340",131541.872597719
"341",118872.174947409
"342",134534.843346266
"343",147269.329421964
"344",139705.694027276
"345",134632.30058074
"346",112622.567083027
"347",142620.232439763
"348",130184.077687982
"349",128337.751567368
"350",144326.149792421
"351",104321.886721111
"352",105770.494371928
"353",122520.606893837
"354",97458.9188597769
"355",61568.3677221071
"356",101642.130226703
"357",110475.330851447
"358",134586.351365794
"359",115667.610576455
"360",74579.8658052659
"361",105262.678815712
"362",145616.736776371
"363",67450.4347940302
"364",133835.234782645
"365",134128.534619722
"366",107122.931056065
"367",110366.421879914
"368",128121.267984561
"369",111069.167480643
"370",138464.776809455
"371",156872.343837013
"372",106705.453773767
"373",142064.290549015
"374",127810.243986949
"375",145497.980462901
"376",114448.082250643
"377",88531.7799032575
"378",133986.620251961
"379",91118.356107986
"380",163621.370608355
"381",136027.470731347
"382",97422.8518841502
"383",143167.942942562
"384",140392.842676037
"385",145279.888742672
"386",160778.922896212
"387",150975.479343918
"388",63106.4674903754
"389",111117.109680757
"390",123139.756702257
"391",154372.489755795
"392",127212.529166046
"393",125934.815869469
"394",174518.805201952
"395",162270.878644411
"396",205841.160321057
"397",162433.67077494
"398",138964.12477385
"399",121169.708386981
"400",152589.882008015
"401",121076.285300878
"402",300379.04138783
"403",278981.422786028
"404",279202.458748711
"405",323946.966728198
"406",330863.860806339
"407",249706.600696232
"408",305331.10741618
"409",210512.848790422
"410",256044.141677856
"411",244501.459661388
"412",172932.258274126
"413",212728.737140723
"414",136835.937804989
"415",213700.098185221
"416",193908.012770286
"417",221925.05896793
"418",208517.124072875
"419",131773.248771564
"420",136593.335920179
"421",264108.112185924
"422",248101.110217836
"423",201096.631974167
"424",213670.290931031
"425",262789.550728234
"426",287706.981297089
"427",216791.875300283
"428",301048.743203653
"429",170869.621054511
"430",129238.930757013
"431",147027.089229826
"432",111131.218356004
"433",128007.141812082
"434",125067.360286334
"435",148934.767039469
"436",126901.140377196
"437",125682.472636021
"438",111783.9792329
"439",144824.737570064
"440",133625.033846436
"441",152112.14101264
"442",131566.437404898
"443",195566.594870675
"444",133891.634175198
"445",174649.459553951
"446",147126.434147614
"447",179074.549982408
"448",124540.825741881
"449",137219.513960619
"450",125900.146011386
"451",190797.984135901
"452",244094.352028685
"453",150039.406660761
"454",79392.7722001056
"455",295580.956291088
"456",76001.8759515544
"457",250420.150603854
"458",138330.545596635
"459",166319.023266942
"460",171014.484955763
"461",400052.809088679
"462",311741.034257386
"463",193700.582763459
"464",223831.683686646
"465",212084.079539658
"466",371649.396953552
"467",135984.345481204
"468",167915.868158069
"469",122957.620200238
"470",137301.666906385
"471",151549.957537889
"472",144940.391179937
"473",161442.681551233
"474",181813.961466506
"475",179753.262487227
"476",185969.815927825
"477",181514.33455686
"478",168590.548922597
"479",231903.616221584
"480",190994.153218927
"481",177346.61940144
"482",191503.369502689
"483",193914.800665088
"484",311530.17558075
"485",348839.222351586
"486",147823.519926581
"487",285928.202778089
"488",169039.630292512
"489",231056.118935576
"490",180802.202526903
"491",241002.242174394
"492",196118.477254097
"493",170554.364844424
"494",184754.203301425
"495",135364.235204468
"496",249897.176832894
"497",157593.509730948
"498",317946.169145324
"499",142741.319389557
"500",114868.813871329
"501",120469.93768479
"502",94178.2462983409
"503",103236.019639368
"504",112743.936388347
"505",143658.262283589
"506",145755.834180716
"507",287020.875468684
"508",379611.340361824
"509",365608.066881818
"510",402422.455572036
"511",369739.648949147
"512",344452.953653091
"513",265724.640601724
"514",317255.095080787
"515",372406.90278633
"516",289614.928615288
"517",342999.954847538
"518",336984.868407038
"519",305262.653680324
"520",200521.439686197
"521",320954.975825193
"522",228659.394882391
"523",210336.494908125
"524",169851.745860349
"525",226085.15843268
"526",230809.240785964
"527",178289.771757946
"528",175477.435387407
"529",189067.487429438
"530",221269.780356874
"531",219557.825927899
"532",210839.453052033
"533",174092.461104838
"534",229685.931859732
"535",184181.921092883
"536",243331.497300229
"537",299993.82767829
"538",338614.321045608
"539",251654.082468409
"540",293942.830530586
"541",272133.31137533
"542",249078.147703477
"543",255076.998178513
"544",284421.169318469
"545",225534.873187762
"546",219287.103414893
"547",241755.556774858
"548",202658.557416183
"549",195807.744162808
"550",190638.051621281
"551",123349.782145898
"552",185063.644717387
"553",181352.887818941
"554",188233.819418854
"555",195107.780135273
"556",197813.6160899
"557",200565.271318281
"558",124099.888654784
"559",134604.786141936
"560",123774.982304468
"561",114181.105501035
"562",174231.766446115
"563",142820.646476037
"564",229962.49644781
"565",309779.586718228
"566",173244.525389786
"567",157591.012593888
"568",157669.972287516
"569",171062.983981992
"570",260126.163516508
"571",225489.939174537
"572",233411.682821596
"573",256557.89030688
"574",163566.019441883
"575",215447.663343727
"576",184529.561163672
"577",189697.608710566
"578",262070.491622619
"579",218137.075943927
"580",294215.101015458
"581",262952.688568069
"582",196489.847574757
"583",162240.443819884
"584",167149.188990387
"585",210474.521206975
"586",134755.315180309
"587",145610.352748363
"588",136221.923541127
"589",132507.509429655
"590",172402.576275943
"591",112055.785189566
"592",129972.714167002
"593",144123.716418001
"594",83073.8990739133
"595",145965.016256801
"596",141315.141960091
"597",124148.425432975
"598",208861.871902484
"599",135733.624306606
"600",157559.444711727
"601",175440.152820886
"602",133324.142998577
"603",113255.262731935
"604",136055.137408918
"605",122693.28477135
"606",171710.559503879
"607",129582.84815345
"608",132716.167636061
"609",92742.1139498009
"610",107974.99097283
"611",94160.7461574891
"612",139370.52000438
"613",145945.528445258
"614",181647.156479872
"615",145837.308782597
"616",124872.199234036
"617",142410.292512978
"618",129739.314342919
"619",133874.566320081
"620",115152.937915662
"621",121472.102512812
"622",127459.735000547
"623",133318.380089307
"624",107901.654610947
"625",126227.980808984
"626",140940.332134828
"627",121915.871835868
"628",108729.44239138
"629",82722.9827723826
"630",134064.35188842
"631",112891.870225846
"632",123042.394007935
"633",130967.671172658
"634",118238.561012677
"635",159961.58420725
"636",97338.3556309946
"637",92923.2898180423
"638",135092.902050308
"639",62748.1313710876
"640",108850.553034854
"641",137236.97232777
"642",132565.785946816
"643",107510.36464038
"644",134034.060473569
"645",117822.85104893
"646",80352.163439416
"647",220888.535443066
"648",123331.176612188
"649",117591.906871484
"650",129449.378248239
"651",145176.315529812
"652",131523.613701587
"653",122646.793835752
"654",112874.123377835
"655",141998.051032986
"656",117692.888328376
"657",138857.524386796
"658",122370.641884061
"659",103603.232912573
"660",116777.102721579
"661",102364.333011447
"662",90207.4059073979
"663",104395.765067871
"664",160888.231956971
"665",125601.41768065
"666",143726.684461341
"667",150948.727877237
"668",121601.3757438
"669",98895.4807217624
"670",144494.280894714
"671",149685.305521149
"672",120670.051665649
"673",117694.5976087
"674",125264.60056204
"675",112909.119970068
"676",89719.2033177971
"677",122078.576051486
"678",140619.907733223
"679",157751.905002807
"680",137761.4231064
"681",144622.92534545
"682",130173.42938152
"683",137906.924405287
"684",122709.593714262
"685",135788.386279568
"686",168918.189330423
"687",168955.537325738
"688",131306.172872912
"689",137034.014409668
"690",209378.486248622
"691",114270.981550372
"692",144278.166660485
"693",149679.110725742
"694",114193.209154572
"695",132293.61031038
"696",230462.770412493
"697",243934.890655531
"698",237762.256481201
"699",191011.9211558
"700",176391.450535521
"701",256468.750985868
"702",390010.509432094
"703",355183.009383812
"704",275355.349883487
"705",176943.232947894
"706",146756.537714786
"707",218829.149594571
"708",200289.651839673
"709",195472.462233268
"710",220536.023919603
"711",149546.212570601
"712",144320.355252929
"713",159138.801105019
"714",221573.625945159
"715",312240.342115096
"716",320101.02386953
"717",249644.952367452
"718",223765.003918271
"719",142854.561041753
"720",220052.638262728
"721",191580.654224003
"722",228448.536837512
"723",202062.044326734
"724",137503.187457688
"725",142098.863546805
"726",147659.24531936
"727",151732.813078015
"728",153878.804766938
"729",193937.019594469
"730",89324.714977503
"731",92050.1251580428
"732",102042.26956465
"733",98764.8200242346
"734",114537.525575039
"735",113258.518862454
"736",116154.041212106
"737",108589.29913667
"738",146355.571006462
"739",168250.118133497
"740",124501.659467228
"741",129211.394343549
"742",166782.893729785
"743",138644.248189119
"744",150461.335916241
"745",105188.789347927
"746",127864.888227211
"747",199722.938745907
"748",229110.504931713
"749",183879.517191283
"750",127711.133867519
"751",113409.94984644
"752",116630.068595698
"753",105243.778447565
"754",133358.7331696
"755",109400.839639015
"756",140713.116443419
"757",86601.4070892466
"758",92931.6665329356
"759",87879.7041225063
"760",76261.332306435
"761",290805.407011716
"762",242135.90149425
"763",266627.11715993
"764",256416.027778097
"765",139661.108980901
"766",195267.148113213
"767",204023.853946394
"768",276523.672383462
"769",239849.398186675
"770",162980.199178729
"771",217575.663838206
"772",193466.056318076
"773",186763.739503148
"774",239747.863182113
"775",202951.935431959
"776",261230.775948071
"777",347830.391565948
"778",222603.224462644
"779",114643.627825925
"780",160817.435799592
"781",138598.511464642
"782",133251.506449275
"783",128985.149494099
"784",96687.5845761505
"785",93356.7496206382
"786",139258.711867415
"787",112689.669435497
"788",124368.08717118
"789",129201.512434944
"790",138799.337596368
"791",112624.376616419
"792",178398.097461245
"793",168853.979029084
"794",181597.211625308
"795",194806.005665806
"796",180727.688814302
"797",203965.975412006
"798",177990.394976398
"799",178049.685376194
"800",163136.032295054
"801",184795.795553589
"802",195740.073472754
"803",346940.262337968
"804",393799.727091617
"805",170020.480288928
"806",254967.517089641
"807",325561.12306749
"808",365037.226462913
"809",159099.787570192
"810",181702.729090288
"811",231696.185442225
"812",199442.860140917
"813",165410.932258979
"814",177759.329114038
"815",168564.543249581
"816",173093.430739913
"817",170519.793109947
"818",154981.153207787
"819",122589.266019273
"820",119377.400587427
"821",177760.090830265
"822",184466.537836211
"823",100527.902971981
"824",104460.121146526
"825",136047.897250787
"826",127649.07925655
"827",331045.764890438
"828",259302.604759733
"829",372528.964628524
"830",379644.378358
"831",313767.563995542
"832",404434.518542065
"833",406477.713084738
"834",369100.998629689
"835",409860.153786124
"836",254090.141398327
"837",298654.985648626
"838",322916.928009064
"839",340278.366105626
"840",309468.902804702
"841",280417.019022694
"842",253333.848400508
"843",238022.694573444
"844",237537.711142533
"845",173097.746111265
"846",176003.33065529
"847",190252.326593543
"848",218198.716353652
"849",264933.182598573
"850",210559.847613091
"851",200135.915852785
"852",178125.051104222
"853",173877.841357201
"854",181875.777091715
"855",172409.253263129
"856",195114.707410131
"857",180563.704623696
"858",174408.638162702
"859",176340.660551103
"860",185379.723039468
"861",256365.260478664
"862",170000.314822148
"863",190105.337438325
"864",179079.634000179
"865",215901.70815486
"866",174881.899468497
"867",211769.919576731
"868",219228.506708905
"869",184853.429470236
"870",181793.344419473
"871",331272.276398943
"872",339233.375446757
"873",320367.029822067
"874",247296.862546926
"875",247573.592976383
"876",309799.841804734
"877",203037.089219666
"878",297271.435600428
"879",229465.10430476
"880",371697.043933737
"881",213425.272123534
"882",233709.883105957
"883",218095.635821913
"884",232895.792601015
"885",234606.922411013
"886",212691.240300008
"887",194244.789742468
"888",226887.963837827
"889",171643.367863184
"890",288664.975091678
"891",240002.450126439
"892",239168.144860846
"893",244269.325398887
"894",124911.914332153
"895",137202.535715479
"896",151695.276517109
"897",203931.965833879
"898",197615.845497067
"899",119941.580092254
"900",118745.497816864
"901",140836.71346845
"902",245338.85547815
"903",138460.977483671
"904",168946.037064674
"905",221214.98968149
"906",182671.692561046
"907",209904.109299834
"908",196133.798630763
"909",213660.77898385
"910",172957.943575186
"911",172236.214914733
"912",190637.411819749
"913",246332.71009519
"914",281085.6058635
"915",238467.10256817
"916",242080.784956743
"917",285710.721672114
"918",148071.244941036
"919",178490.499666177
"920",144272.523013538
"921",153713.061688694
"922",201244.448330697
"923",209292.006954858
"924",232810.265181127
"925",166834.96145094
"926",137984.681613089
"927",136078.068852121
"928",109178.140476784
"929",129494.442661648
"930",153850.761956462
"931",134575.400006776
"932",112838.604330871
"933",163729.122261777
"934",144251.947674765
"935",194475.534082789
"936",143061.118271243
"937",197169.851487796
"938",123813.194241621
"939",63657.6354582783
"940",60320.9455666118
"941",117100.069172131
"942",129506.486360627
"943",128628.579341555
"944",160981.121663791
"945",156181.132801697
"946",134282.800135666
"947",126959.678259229
"948",137112.439415441
"949",133596.923241785
"950",169597.119263527
"951",124766.676954062
"952",154443.115598699
"953",130979.16928489
"954",141885.219476498
"955",124814.842067501
"956",122895.961671534
"957",121916.00158443
"958",126381.195824639
"959",111819.852387398
"960",128124.529972585
"961",137882.189987587
"962",117252.22995068
"963",114848.549821247
"964",149509.077583363
"965",174727.549096596
"966",127625.453480537
"967",126092.413483835
"968",160867.762720051
"969",116343.266401082
"970",129841.020895978
"971",122276.054594185
"972",134310.403769392
"973",138717.47498674
"974",139341.12465965
"975",148647.656480887
"976",115344.471456047
"977",108044.429755491
"978",126933.58674376
"979",113291.090550801
"980",120994.247464823
"981",108418.823480171
"982",108166.079059856
"983",120418.739840053
"984",127878.441329284
"985",98554.136392604
"986",124054.011308285
"987",195097.473159727
"988",154911.221759246
"989",111227.767711983
"990",143068.573905952
"991",129014.169050802
"992",215699.110877401
"993",106895.650074958
"994",131600.576474401
"995",121728.649724003
"996",123307.636088505
"997",124215.340544195
"998",119720.65615993
"999",107012.936176555
"1000",134865.933650256
"1001",116740.335138406
"1002",128511.334897862
"1003",113045.565401555
"1004",162570.137989159
"1005",126982.041191698
"1006",112964.033996999
"1007",157061.53967384
"1008",101212.651908776
"1009",85720.1356930798
"1010",190703.231097013
"1011",192073.218251679
"1012",159467.148969749
"1013",119834.432921523
"1014",97866.1465580139
"1015",210224.347332766
"1016",110046.777507233
"1017",131960.35836793
"1018",159142.133964433
"1019",117466.703654556
"1020",157358.839400264
"1021",119466.024166121
"1022",136039.103404406
"1023",116884.601035645
"1024",119404.937212968
"1025",127023.320766286
"1026",153629.831246799
"1027",194454.082608178
"1028",145896.347133698
"1029",159779.607625525
"1030",150491.181962868
"1031",107703.74482815
"1032",179818.742056087
"1033",168540.629087918
"1034",167015.664059943
"1035",110693.831845404
"1036",219247.416307076
"1037",142176.205574958
"1038",116527.485456849
"1039",108834.521900093
"1040",124052.932077093
"1041",132467.294448584
"1042",142030.914794337
"1043",107821.697348295
"1044",180756.516629272
"1045",218507.02898631
"1046",257019.310133364
"1047",280581.274635553
"1048",257075.299709277
"1049",225257.885367396
"1050",229064.118683872
"1051",185930.316323619
"1052",212979.090169131
"1053",215812.954098529
"1054",237650.93905988
"1055",153594.319101091
"1056",172273.893956426
"1057",135466.16735169
"1058",139332.034554935
"1059",225958.305208798
"1060",214462.957148961
"1061",193948.297415858
"1062",215995.052808873
"1063",131311.866773089
"1064",142642.070338624
"1065",156725.09648301
"1066",139329.129684955
"1067",113633.594879041
"1068",128811.07959859
"1069",134436.130414046
"1070",126800.271947844
"1071",253564.765470281
"1072",228223.572125092
"1073",199634.198160759
"1074",231465.969208185
"1075",271148.727380608
"1076",225798.411439901
"1077",230360.938073343
"1078",189186.628596875
"1079",192924.993148157
"1080",177257.707661037
"1081",180965.194720613
"1082",162968.378063914
"1083",131094.946577069
"1084",115242.487077533
"1085",141118.373708134
"1086",129078.026183981
"1087",143233.262858947
"1088",147403.769628627
"1089",162383.562455202
"1090",330474.495813143
"1091",146841.283652669
"1092",119923.445949493
"1093",89522.0354513791
"1094",120957.316977075
"1095",118741.976713155
"1096",112675.217676353
"1097",119495.844837239
"1098",147687.029956697
"1099",120095.532745256
"1100",134189.369732734
"1101",122420.991592487
"1102",132428.767265609
"1103",137680.33644212
"1104",173358.180181906
"1105",145306.815254771
"1106",127647.835863076
"1107",123197.660913182
"1108",178054.358601291
"1109",188853.690002866
"1110",126792.575725897
"1111",177537.63701237
"1112",172707.09734521
"1113",206647.339329245
"1114",268308.577158917
"1115",125755.332744068
"1116",121967.203885146
"1117",151689.216153977
"1118",93527.3518686411
"1119",67017.1481262129
"1120",132900.778938899
"1121",131877.054046972
"1122",118486.057621195
"1123",268780.086074349
"1124",169406.907505103
"1125",194947.946484399
"1126",219188.369904809
"1127",217112.808781375
"1128",139462.266132266
"1129",144684.181662988
"1130",215650.453803845
"1131",209637.037322423
"1132",213957.703995913
"1133",237572.52805833
"1134",182329.143506047
"1135",199047.705321956
"1136",327656.276266523
"1137",188031.571374281
"1138",250293.266852207
"1139",322406.077481532
"1140",130097.593145937
"1141",145720.505200723
"1142",85791.581996317
"1143",88229.3775477736
"1144",87525.3405467682
"1145",84231.1144733051
"1146",148124.763196947
"1147",186840.23958029
"1148",198097.281208438
"1149",149580.300323324
"1150",108180.292606303
"1151",128138.443318691
"1152",152880.689087751
"1153",129428.320202459
"1154",127215.70780829
"1155",143069.896644314
"1156",140218.163240308
"1157",175247.345302762
"1158",175959.690112508
"1159",192910.838984972
"1160",185150.326068045
"1161",188447.37513792
"1162",194721.102265553
"1163",231660.538936326
"1164",288048.586144932
"1165",274873.446881648
"1166",171950.460481981
"1167",178439.866088149
"1168",376198.633145428
"1169",428336.781712713
"1170",329578.920800561
"1171",425520.367478776
"1172",360218.503351613
"1173",288939.479675158
"1174",386483.247354917
"1175",153529.60827293
"1176",185806.573995482
"1177",172113.031762393
"1178",234976.931073485
"1179",174933.017337567
"1180",154754.600865668
"1181",108768.786733599
"1182",190671.304868034
"1183",116274.903125696
"1184",135276.29130537
"1185",102297.720864906
"1186",92632.2314993063
"1187",101919.240159896
"1188",139384.975396678
"1189",143930.131293555
"1190",135412.728521517
"1191",144623.501155937
"1192",426457.741193536
"1193",247330.224890761
"1194",252884.391681502
"1195",366670.426225307
"1196",321724.783855929
"1197",282548.754906333
"1198",258982.427367793
"1199",295159.526448355
"1200",314927.312730735
"1201",342431.105674606
"1202",351564.906588796
"1203",306101.17149607
"1204",260088.250956737
"1205",300898.281288148
"1206",266750.659275309
"1207",170395.61332984
"1208",175158.430080469
"1209",176352.104874266
"1210",275718.593182106
"1211",178355.18004879
"1212",188659.44289381
"1213",202794.700308922
"1214",211276.811625126
"1215",168957.295420963
"1216",185897.461045282
"1217",202520.610941226
"1218",259508.9126624
"1219",289333.828040956
"1220",276926.809948834
"1221",342018.738052308
"1222",302793.79224489
"1223",464724.47115068
"1224",293648.23070299
"1225",304527.613038826
"1226",254148.817724186
"1227",331205.271497539
"1228",220020.178231797
"1229",204302.705264627
"1230",420045.894499814
"1231",189173.175243378
"1232",122816.591014317
"1233",199253.464388944
"1234",120256.270419401
"1235",186965.515140403
"1236",180209.413634484
"1237",197594.217418224
"1238",205116.330249606
"1239",178083.174771561
"1240",166708.627811447
"1241",170930.103118765
"1242",119853.61353566
"1243",133044.257286553
"1244",150650.123368489
"1245",125786.703522206
"1246",118902.811070234
"1247",122023.059977263
"1248",134760.598111615
"1249",113524.359303346
"1250",130001.210169433
"1251",239400.305146728
"1252",323458.916698582
"1253",175289.385466193
"1254",150844.511185915
"1255",169709.574825138
"1256",158224.85520673
"1257",176935.539006751
"1258",227589.796473052
"1259",153443.39116063
"1260",163527.374787073
"1261",139940.305747209
"1262",148441.032088048
"1263",151478.402199436
"1264",130195.713224442
"1265",133597.115357909
"1266",140042.859715976
"1267",169721.987821473
"1268",169219.566165165
"1269",152575.874897644
"1270",141653.606587595
"1271",120949.741357262
"1272",120555.868742168
"1273",162155.801657403
"1274",139086.751299646
"1275",129759.757307145
"1276",145606.08619958
"1277",122312.482352448
"1278",130502.382872504
"1279",161407.074951185
"1280",126450.319340404
"1281",145035.757634543
"1282",155566.385802764
"1283",144997.639851266
"1284",147789.839804924
"1285",138597.44997804
"1286",131465.001425553
"1287",146510.64429756
"1288",131226.15967064
"1289",133745.274555299
"1290",133697.10777919
"1291",129778.88237893
"1292",221176.133373725
"1293",152545.734686659
"1294",213444.168046626
"1295",129219.852316537
"1296",95460.9563482876
"1297",84293.3180809995
"1298",83769.6840635252
"1299",153708.654350949
"1300",132538.483371723
"1301",146010.867833769
"1302",143909.803607552
"1303",194443.79408874
"1304",162798.432429691
"1305",248729.36435058
"1306",120674.108466634
"1307",90345.8153153411
"1308",122221.14137416
"1309",124523.483083703
"1310",152407.243896459
"1311",121427.5285375
"1312",117521.746495251
"1313",149408.748989583
"1314",127767.743296744
"1315",121954.131479116
"1316",133725.335423687
"1317",145477.251962236
"1318",115269.739165773
"1319",117385.473646454
"1320",108979.468088287
"1321",100900.361204618
"1322",99112.686875663
"1323",82860.8890323529
"1324",127877.033641409
"1325",130065.003184322
"1326",67721.6803325294
"1327",122725.963475813
"1328",81742.7212180376
"1329",167946.124404783
"1330",92513.9643779845
"1331",119057.964030621
"1332",71354.1831395918
"1333",154717.90632936
"1334",91834.0382765418
"1335",115920.045183554
"1336",99807.2987468551
"1337",187177.030673798
"1338",113540.050293827
"1339",122098.745320926
"1340",81378.5043485475
"1341",116359.40633191
"1342",133864.30194178
"1343",147103.728040046
"1344",145168.926600907
"1345",117852.884589061
"1346",82793.1134600992
"1347",149449.447355242
"1348",152616.354590933
"1349",129117.902277606
"1350",135525.160936312
"1351",165619.028589871
"1352",143251.269809364
"1353",143148.54125462
"1354",144027.315771255
"1355",113130.948980808
"1356",216439.804941535
"1357",143895.127086353
"1358",131253.34105911
"1359",147636.178259103
"1360",144939.866458152
"1361",120852.828929579
"1362",191476.423073823
"1363",243490.34002909
"1364",169979.489205142
"1365",152876.969574158
"1366",128694.28534543
"1367",136960.43128082
"1368",219420.765161233
"1369",194030.18364416
"1370",227691.235377367
"1371",193364.93079551
"1372",224149.610614084
"1373",284252.8075356
"1374",214799.622085508
"1375",216352.429361718
"1376",194693.895830328
"1377",164193.207014547
"1378",146854.544584582
"1379",180799.167061014
"1380",197640.570616534
"1381",203399.933886036
"1382",224534.554821617
"1383",144693.508230433
"1384",164548.89517025
"1385",123174.742938115
"1386",212279.49591441
"1387",204817.301217993
"1388",212893.740138419
"1389",211093.383664318
"1390",289771.614933562
"1391",230249.285160233
"1392",234874.596741887
"1393",237908.942923588
"1394",140200.924415302
"1395",214145.049168489
"1396",207351.21596016
"1397",189168.304966004
"1398",205808.018531613
"1399",127167.908240404
"1400",124274.462757653
"1401",128131.352346772
"1402",208389.357667953
"1403",119312.615760802
"1404",240182.141383824
"1405",147015.089629931
"1406",135928.828517179
"1407",87991.3291316939
"1408",116820.965732032
"1409",119142.09830847
"1410",156762.254683731
"1411",97988.9252109456
"1412",57474.0891299133
"1413",109988.433929093
"1414",127789.600844244
"1415",122232.540069265
"1416",154561.453798952
"1417",122972.500843528
"1418",159531.262760696
"1419",135580.012853744
"1420",109139.68205337
"1421",141284.159054277
"1422",145749.750317058
"1423",158479.155163685
"1424",189915.467504831
"1425",172910.021099906
"1426",189154.174318249
"1427",111357.057486838
"1428",123012.195556469
"1429",68065.8270796754
"1430",81507.1936118188
"1431",126627.26166109
"1432",74611.6548632101
"1433",112644.51404274
"1434",57991.053910122
"1435",285628.208420447
"1436",268628.774963077
"1437",188478.132401816
"1438",142416.244742884
"1439",214366.45118059
"1440",156156.73795571
"1441",182561.898938994
"1442",181252.310269411
"1443",344463.454585041
"1444",352548.577874657
"1445",99961.2464842754
"1446",218127.84290713
"1447",116181.399157938
"1448",129702.764068805
"1449",140431.186927552
"1450",82250.6240052969
"1451",85760.2043402361
"1452",147720.194390881
"1453",89088.8457434112
"1454",81215.1707075675
"1455",83250.1289273349
"1456",87482.2840244961
"1457",180842.853361551
"1458",112828.608186956
"1459",246952.618932695
